review,sentiment
"Do not buy this, it stopped working immediately",Negative
"Horrible product, arrived damaged and unusable",Negative
"Great value for money, very happy with this",Positive
Do not waste your money on this low quality item,Negative
Incredible build quality and very easy to set up,Positive
"Terrible quality control, arrived cracked and scratched",Negative
"Very angry about this purchase, total scam product",Negative
"Very pleased with this purchase, works like a charm",Positive
"Terrible product, broke after just two days of use",Negative
The product is acceptable for casual everyday use,Neutral
"Loved it so much, bought one for my friend too",Positive
"Bad product, customer service was unhelpful too",Negative
"Incredible product, simply the best on the market",Positive
"Very happy customer, will order again for sure",Positive
"Works fine for basic use, nothing exceptional about it",Neutral
"It does what it says, no major issues so far at all",Neutral
"Used it a few times, seems fine but time will tell",Neutral
This product is absolutely amazing and works perfectly,Positive
"Not bad but not great either, fairly mediocre overall",Neutral
"Neutral experience, product is functional but basic",Neutral
"Would give zero stars if possible, absolutely awful",Negative
"Extremely poor quality, fell apart after one week",Negative
Highly recommend this to anyone looking for quality,Positive
"Horrible experience, product is faulty and useless",Negative
"Awful quality, completely useless and badly made",Negative
"Happy with the purchase, good quality and durable",Positive
"Amazing value, could not be happier with this",Positive
It functions correctly but design could be improved,Neutral
"Not worth it at all, breaks easily and feels cheap",Negative
"Received the product on time, it works as expected",Neutral
"Top quality product, no complaints whatsoever",Positive
"Extremely disappointed, this was a total waste",Negative
"Works great, very easy to use and reliable",Positive
"It is fine, nothing to complain about or praise",Neutral
"Worst product ever, falls apart immediately after use",Negative
"Just about okay, I have seen better and worse products",Neutral
"This is really nice, I am very impressed overall",Positive
"Very bad quality, extremely disappointed overall",Negative
"Okay quality, arrived on time but feels a bit flimsy",Neutral
"Wonderful experience, the product is top notch",Positive
Excellent! Delivered early and works brilliantly,Positive
"Awesome product, fast delivery and great packaging",Positive
"Cheap and nasty, will never buy from this brand again",Negative
"Good product, performed exactly as I expected",Positive
"Not amazing but not bad, a fairly typical product",Neutral
"Acceptable quality, meets basic requirements adequately",Neutral
"Fantastic product, exceeded all my expectations",Positive
"Average product, expected more but it is acceptable",Neutral
"Very disappointing, does not work as promised at all",Negative
"Brilliant purchase, everything about it is great",Positive
"Terrible experience, product is cheap and flimsy",Negative
"Great product, well made and easy to use daily",Positive
"Superb quality, delivered on time and well packaged",Positive
"Disgusting quality, completely not worth the price",Negative
"Outstanding value, much better than I expected",Positive
"Middle of the road product, average in every sense",Neutral
Super impressed with how well this works,Positive
"Worst purchase I ever made, total waste of money",Negative
Annoying product that malfunctions constantly every day,Negative
"Hated this product, returned it within two days",Negative
"Neither great nor terrible, just an average product",Neutral
"Really satisfied with this purchase, great item",Positive
"Excellent product, works exactly as described",Positive
"Standard product, gets the job done without issues",Neutral
"It is what it is, works adequately for normal use",Neutral
"Brilliant product, exactly what I was looking for",Positive
Five stars! Absolutely love this product,Positive
"It works as described, nothing more and nothing less",Neutral
"Outstanding performance, highly recommend to everyone",Positive
"Best product I have used in years, highly satisfied",Positive
Quality is top notch and delivery was super fast,Positive
"Passable product, would not go out of my way to buy",Neutral
"Really good quality, will definitely buy again",Positive
"Really bad product, falling apart after a few days",Negative
"Does the job adequately, no outstanding features at all",Neutral
"Okay for everyday use, not outstanding in any way",Neutral
"Defective product, returned it immediately for refund",Negative
"Garbage product, broke on the very first day",Negative
"Product is okay, nothing special but does the job",Neutral
"Very unhappy with this, nothing works as described",Negative
"It is average, works fine but not particularly impressive",Neutral
"Regret buying this, it is cheaply made and useless",Negative
Nothing wrong but nothing impressive about this either,Neutral
"Useless product, do not recommend to anyone at all",Negative
"Mediocre product, could be better in a few areas",Neutral
"Very disappointed, this is not worth the money at all",Negative
"Completely broken out of the box, very frustrating",Negative
"Complete rubbish, does not work at all as advertised",Negative
"Average build quality, nothing too impressive here",Neutral
"Awful, stopped working after three days of light use",Negative
"Dreadful product, cheap materials and bad finish",Negative
"Perfect product at a perfect price, very happy",Positive
"Good enough for my needs, nothing more to add",Neutral
"Total disappointment, product does not match description",Negative
"Broken after one use, really bad experience overall",Negative
"Alright product, some good points and some bad ones",Neutral
"Absolutely wonderful, surpassed my expectations completely",Positive
"Loved the product, great customer service too",Positive
"Somewhat satisfied, product works but feels ordinary",Neutral
I love this! Best purchase I have ever made,Positive
"Waste of money, the product is poorly made",Negative
"Impressed by the quality, strongly recommend this",Positive
"Excellent quality and fast delivery, very satisfied",Positive
"So happy with this, it makes my life easier",Positive
"Works okay for the price, meets expectations barely",Neutral
"Reasonable product, meets my basic everyday needs",Neutral
"Moderate quality, does what it is supposed to do",Neutral
"So and so, has its pros and cons, nothing standout",Neutral
"Poor quality item, nothing like what was advertised",Negative
"Okay product, delivery was on time and packaging fine",Neutral
"Decent product for the price, has some minor issues",Neutral
"Neutral about this, it works but is not exciting at all",Neutral
"Very good, quick shipping and well packaged product",Positive
"Very poor build quality, not durable at all",Negative
"Terrible, packaging was bad and product was broken",Negative
"Moderate satisfaction with this, nothing special really",Neutral
"Perfect in every way, very high quality build",Positive
"Fair quality for the price, has a few minor drawbacks",Neutral
"Absolutely dreadful, would not recommend to anyone",Negative
"Fine product, no major complaints or compliments",Neutral
